basin,elev_mean,p_mean,pet_mean,aridity,p_seasonality,frac_snow,high_prec_freq,low_prec_freq
1013500,250.31,3.126678987,1.971554511,0.630558659,0.187940259,0.313440357,12.95,202.2
1022500,92.68,3.608125941,2.119255948,0.587356423,-0.114529586,0.245259009,20.55,233.65
1030500,143.8,3.274405202,2.043593566,0.624111385,0.047358189,0.277018403,17.15,215.6
1031500,247.8,3.522956879,2.071323696,0.58795034,0.104090599,0.291836473,18.9,227.35
1047000,310.38,3.323145791,2.090023874,0.628929336,0.147775614,0.280118127,20.1,235.9
1052500,615.7,3.730858316,2.096423231,0.561914459,0.152096803,0.352698254,13.5,193.5
1054200,472.31,4.067132101,2.128355058,0.523306105,0.104959635,0.29964154,17.5,220.3
1055000,423.12,3.494183436,2.093235291,0.599062794,0.167229041,0.306048852,19.15,224.85
1057000,215.59,3.570499658,2.132743778,0.597323619,0.079136849,0.251157673,20.35,239.3
1073000,37.67,3.503025325,2.207615715,0.630202614,0.030370013,0.175032435,20.85,249
1078000,346.92,3.562888433,2.184144572,0.613026373,0.110482097,0.239718522,21.45,234.5
1118300,36.7,3.897430527,2.310036975,0.592707672,-0.037743187,0.111232483,21.5,244.6
1121000,141.54,3.719590691,2.301408433,0.618726259,0.004098324,0.154227151,21.5,241.7
1123000,120.1,3.8242423,2.306333525,0.603082479,-0.001190031,0.136053399,21.15,241.1
1134500,450.54,3.467412731,2.091698084,0.603244622,0.228672353,0.280582089,15.85,201.1
1137500,784.85,3.98419165,2.144045982,0.538138265,0.171647708,0.301814976,15.5,204.35
1139000,373.34,3.13454757,2.113980287,0.67441321,0.232161714,0.246562672,18.65,219.65
1139800,518.15,3.3035154,2.127185339,0.643915672,0.225579083,0.262328973,19.45,225.55
1142500,346.62,3.314670773,2.147046776,0.647740582,0.17461992,0.252307891,19.8,224.75
1144000,459.8,3.420859685,2.157740342,0.630759675,0.191150164,0.248466349,19.05,225.15
1162500,310.07,3.783534565,2.257490363,0.596661752,0.047446147,0.226769185,21.1,240.45
1169000,374.89,3.921166324,2.252516537,0.574450648,0.063828251,0.238972606,19.6,228.15
1170100,325.71,3.894581793,2.242787461,0.57587376,0.065519098,0.234653735,19.95,226.35
1181000,417.93,3.815023956,2.266098741,0.593993319,0.091932314,0.217563041,20.4,231.1
1187300,309.1,3.950607803,2.280597782,0.577277699,0.087362954,0.201269336,21.15,236.55
1195100,19.17,3.682481862,2.353993196,0.639240948,-0.002279652,0.106042892,22.6,252.8
1333000,485.91,3.704639288,2.212718385,0.597283085,0.146314739,0.222244968,19,227.9
1350000,612.78,3.86979603,2.246002067,0.580392881,0.111819706,0.231159658,20.4,235.9
1350080,587.35,3.492825462,2.239032772,0.641037692,0.145064802,0.221156578,20,235.75
1350140,579.74,3.501422313,2.240501054,0.639883126,0.157493263,0.219859027,18.4,227.4
1365000,465.17,4.211436003,2.302954305,0.546833504,0.122173899,0.202270211,19.4,230.15
1411300,15.25,3.175449692,2.534943929,0.79829447,0.048562207,0.048094855,22.85,261.7
1413500,724.51,3.832546201,2.234765435,0.583102021,0.146606145,0.216908034,18.7,224.6
1414500,775.58,3.979971253,2.229746119,0.560241765,0.154116607,0.216628505,19.35,223.8
1415000,604.34,3.773122519,2.237511444,0.593013196,0.14782152,0.213452185,18.3,215.55
1423000,593.67,3.703760438,2.226759959,0.601215979,0.142460685,0.217830298,15.95,211.35
1434025,729.33,4.437002053,2.272434374,0.512155358,0.134901265,0.237813731,19.15,224.8
1435000,560.05,4.317653662,2.29707295,0.532018807,0.134640859,0.223616269,19.5,226.65
1439500,307.06,3.683258042,2.34455796,0.636544585,0.117754852,0.163765229,20,235.75
1440000,234.2,3.549893224,2.343015893,0.660024329,0.107574487,0.147767408,20.3,242
1440400,334.06,3.753351129,2.336390335,0.622481152,0.115866621,0.172223371,20.4,234.9
1451800,180.41,3.503207392,2.418850856,0.690467502,0.106707705,0.128362666,23.8,254.25
1466500,38.94,3.539837098,3.059820849,0.864395949,0.060311601,0.06266177,23.45,257.65
1484100,17.97,3.321273101,2.602614374,0.783619502,0.08618678,0.042571686,23.45,256.9
1485500,15.46,3.240579055,2.630299562,0.811675789,0.084383316,0.03163638,22.55,257.9
1486000,10.21,3.274416153,2.674827543,0.816886864,0.096184591,0.030600833,22.8,258.05
1487000,13.84,3.339039014,2.60757013,0.78093431,0.087683751,0.042468989,23.05,256.65
1491000,18.54,3.305075975,2.59245614,0.784386247,0.081209187,0.050025721,21.85,255.55
1510000,482.21,3.462294319,2.240820068,0.647206696,0.140558277,0.237057401,16.2,200.85
1516500,634.59,3.182643395,2.266105298,0.712019858,0.164481435,0.199238598,18.25,232.75
1518862,600.87,3.031641342,2.267785079,0.74803871,0.219951114,0.201111345,18.5,221.2
1532000,507.14,3.195078713,2.29690731,0.718889115,0.165405171,0.176741267,18.8,230.75
1539000,333.75,3.423427789,2.360101848,0.689397292,0.13903228,0.156285913,20.4,236
1542810,492.7,3.422528405,2.268752923,0.662887975,0.176183032,0.189716486,15.85,207.3
1543000,543.37,3.390019165,2.276676564,0.67158221,0.17189645,0.188056577,16.45,211.05
1543500,547.44,3.4089295,2.283926448,0.669983479,0.170438379,0.181653611,17.1,210.65
1544500,551.6,3.363519507,2.290695181,0.681041146,0.169194742,0.203362893,17.5,217.6
1545600,518.97,3.384574949,2.298031951,0.678972097,0.170227599,0.192645541,17.55,219.95
1547700,353.57,3.135013005,2.347398152,0.748768234,0.138997637,0.156172998,20.4,229.7
1548500,546.71,3.153345654,2.271782218,0.720435521,0.179163893,0.20208863,18.1,221
1549500,528.16,3.332225873,2.293808241,0.688371175,0.14993272,0.186519053,19.05,234.5
1550000,455.41,3.369765914,2.292907214,0.680435162,0.15428042,0.179825513,17.8,230.85
1552000,461.43,3.476997947,2.311664175,0.664844849,0.153983559,0.173059123,18.55,224.9
1552500,535.24,3.623085558,2.291999398,0.632609791,0.138786999,0.185169708,19.6,230.95
1557500,389.99,3.153099247,2.359596112,0.748341846,0.142811219,0.158671824,18.95,229.7
1567500,314.48,3.212839151,2.433813703,0.757527404,0.112811392,0.126036066,21.3,253.1
1568000,265.52,3.329701574,2.424954155,0.728279727,0.104799526,0.128510858,21.2,248.7
1580000,174.3,3.431727584,2.527252526,0.736437396,0.08463302,0.081688092,22,248.05
1583500,156.32,3.262125941,2.552896482,0.782586733,0.084653817,0.08072865,22.4,248.8
1586610,196.88,3.304661191,2.544047967,0.769836246,0.080269251,0.088413479,22.4,249.1
1591400,149.21,3.28500616,2.624023504,0.798788001,0.076206737,0.083876423,23.1,253.55
1594950,899.82,3.921103354,2.453434305,0.625699984,0.067819561,0.189214297,15.25,194.25
1596500,663.42,3.314265572,2.436867447,0.735266198,0.101570565,0.188402158,19.15,223.15
1605500,856.86,3.209689254,2.516571869,0.784054676,0.098399794,0.137136101,19.15,232.35
1606500,836.38,3.36347707,2.499055975,0.742997774,0.09955384,0.148750519,17,214.95
1613050,261.6,3.088505133,2.446746174,0.792210493,0.12290865,0.130491593,21,246.7
1620500,786.35,3.398616016,2.527717823,0.743749165,0.175856537,0.123997408,22.25,252.15
1632000,543.76,2.931040383,2.549987953,0.869994139,0.219424492,0.11002487,20.55,247.75
1632900,417.29,2.908112252,2.592829227,0.891584988,0.215115098,0.098076329,21.45,251.6
1634500,344.44,2.979180014,2.523664025,0.847100213,0.217653093,0.114828394,22,257.35
1638480,155.98,3.034422998,2.558117112,0.843032469,0.129989149,0.084558382,21.7,254
1639500,198.1,3.233238877,2.535294935,0.784134743,0.073174183,0.09612635,21.75,251.25
1644000,187.25,3.047648186,2.557561752,0.839191926,0.156688498,0.084351799,22.05,254.8
1658500,97.44,3.21813963,2.68545729,0.834475069,0.106219759,0.069357012,22.4,257
1664000,216.1,3.149028063,2.572003806,0.816761157,0.174188172,0.082796426,22.25,255.55
1666500,201.59,3.200911704,2.658126461,0.830427924,0.184505366,0.082255398,22.4,256.75
1667500,193.47,3.207982204,2.688156482,0.837958664,0.178906478,0.078811793,21.9,255.3
1669000,42.94,3.196973306,2.678053881,0.837684155,0.163706744,0.041205983,22,255
1669520,25.42,3.27315948,2.690151211,0.821882108,0.177758045,0.036819915,22.65,252.75
2011400,783.86,3.288565366,2.543049514,0.773300583,0.071666393,0.129154722,20.1,236.65
2011460,878.38,3.40426694,2.516743326,0.739290828,0.051831816,0.148878265,19.15,231.8
2013000,691.82,3.036276523,2.595559986,0.854849671,0.109973831,0.097914337,20.65,242.6
2014000,691.04,3.12457358,2.548529213,0.815640646,0.119622697,0.097868084,21.15,241.15
2015700,753.52,3.195519507,2.537750773,0.794159062,0.080501544,0.128567249,20.4,242.65
2016000,645.04,3.144814511,2.573819685,0.818432908,0.100530523,0.102077363,21.55,243.8
2017500,695.27,3.025297741,2.599039603,0.859102087,0.140471368,0.090184527,21.15,243.95
2018000,648.68,3.055764545,2.620782724,0.857652049,0.134268103,0.084968614,21,242
2027000,387.44,3.467886379,2.644789582,0.76265174,0.122126479,0.090473222,21.75,260.55
2027500,350.53,3.665534565,2.640769925,0.720432417,0.118218558,0.100786018,22.15,261.15
2028500,377.48,3.326447639,2.597001629,0.780713215,0.150820449,0.080256958,21.2,258.5
2038850,176.41,3.149615332,2.889448214,0.917397177,0.057760495,0.065522598,23.75,267.65
2046000,86.64,3.268863792,2.749041136,0.840977572,0.130911757,0.045372827,22.85,260.15
2051000,151.02,3.170865161,2.719021848,0.857501568,0.084217836,0.057024578,23.95,266.75
2051500,113.4,3.190273785,2.976969035,0.933139046,0.120039306,0.052551497,23.25,260.85
2053200,25.28,3.333931554,2.796942245,0.838932114,0.202374232,0.024831683,22.25,259.95
2053800,705.68,3.228056126,2.6674695,0.826339257,0.151225611,0.093817255,20.75,246.85
2055100,399.99,3.056229979,2.664367995,0.87178256,0.142290997,0.062211992,21.8,253.9
2056900,423.07,3.179344285,2.70525848,0.850885666,0.13459717,0.064605937,21.8,251.35
2059500,319.14,3.099616701,3.201239589,1.032785631,0.097595336,0.052938916,21.55,256.2
2064000,192.21,3.095496235,2.926439138,0.945386108,0.06366847,0.060601169,23.4,264.55
2065500,170.09,3.132863792,3.695275729,1.179520073,0.05635495,0.061713997,23.2,264.65
2069700,372.62,3.522610541,2.716900849,0.771274831,0.127439249,0.053395159,22,253.5
2070000,308.66,3.300353183,3.761617878,1.139762222,0.113889878,0.050862165,22.15,255.3
2074500,223.3,3.270950034,3.422355154,1.046287812,0.093737127,0.052469021,22.4,254.85
2077200,194,3.278396988,2.860841615,0.872634286,0.071189344,0.048988901,23.25,257.7
2081500,132.21,3.266579055,2.791559945,0.854582087,0.09726992,0.043624771,23.05,265.2
2082950,79.77,3.263115674,3.158054127,0.967803303,0.178218747,0.032992743,22.9,260.8
2092500,21.88,3.782791239,3.267800602,0.86385962,0.252330607,0.012083252,20.95,254.35
2096846,182.85,3.34620397,3.190137577,0.953360167,0.101371881,0.039252545,23.2,259.25
2102908,106.88,3.355067762,3.01971447,0.900045747,0.171190438,0.023511176,23.7,263.9
2108000,31.61,3.810368241,3.207837536,0.841870741,0.275438917,0.009281926,21.2,261.05
2111180,551.06,3.71566872,2.72063859,0.732206985,0.089053437,0.046056878,20.1,239.25
2111500,454.02,3.582835044,2.944953005,0.82196165,0.068983142,0.052369252,21.45,248.15
2112120,460.03,3.55881588,2.799707036,0.78669623,0.077110615,0.052404975,21.25,252
2112360,405.86,3.440353183,2.860836838,0.831553241,0.097200907,0.053113627,22.5,251.1
2118500,336.82,3.497720739,2.854343244,0.816058072,0.064501321,0.041370835,22.35,250.15
2125000,190.23,3.233518138,3.078638125,0.952101703,0.07636934,0.024791233,24.2,267.9
2128000,195.23,3.240676249,2.937678631,0.906501731,0.053026382,0.025670443,22.45,255.65
2137727,602.18,3.981318275,2.766277632,0.694814491,0.043370728,0.040531531,18.15,237.75
2140991,529.42,3.727754962,2.768342533,0.742629964,0.080925183,0.042038467,19.95,234.95
2143000,399.35,3.704498289,2.917637673,0.787593203,0.01895289,0.031326216,22,249.55
2143040,411.33,4.045849418,2.81041833,0.694642346,0.007450255,0.03456107,22.85,256.85
2149000,403.91,3.821597536,2.994090582,0.783465698,0.047847278,0.029590458,20.35,245.6
2152100,414.31,3.773462012,3.109720698,0.824102823,0.008167585,0.030080747,23.15,255.25
2177000,705.59,5.374477755,2.811642245,0.523147062,-0.036859864,0.026739557,18.95,231.7
2178400,797.91,5.213092402,2.812141424,0.539438246,-0.077046974,0.033836253,20.15,236.65
2193340,167.93,3.274065708,3.024702231,0.923836752,-0.072157398,0.012744883,24.6,273.1
2196000,142.19,3.324466804,3.905832923,1.174874996,-0.016823088,0.014697823,22.45,261.5
2198100,83.45,3.319218344,3.603220329,1.085562911,0.076142949,0.003093593,25.4,280.85
2202600,34.93,3.341364819,3.165018754,0.947223343,0.181096073,0.000456805,24.8,271.1
2212600,159.45,3.37187269,4.017675181,1.191526357,-0.09721543,0.0090238,24.6,274
2215100,113.08,3.354398357,3.158701588,0.941659651,-0.04098698,0.001033306,23.6,271.2
2216180,83.53,3.409097878,3.189064093,0.935456888,0.00706461,0.000534865,24.75,278.9
2221525,176.01,3.359123888,3.142408871,0.935484661,-0.091209428,0.009538519,24.5,270.65
2231000,38.71,3.719431896,3.404872621,0.91542814,0.41435934,0.000235918,20.9,252.65
2231342,21.9,3.783494867,3.498400397,0.924647851,0.696951327,0,21.3,259.45
2235200,26.25,3.743501711,4.124212704,1.101699163,0.601372847,0,20.1,249.75
2245500,41.45,3.755990418,3.810222081,1.014438712,0.482731706,0.000436629,20.1,252.95
2246000,34.57,3.703221081,3.286835866,0.88756134,0.453676111,0.000332692,20.75,253.6
2296500,31.23,3.680246407,3.507997522,0.953196372,0.760373923,0,22.7,256.8
2297155,35.51,3.968116359,3.867191431,0.974566036,0.759624424,0,24.3,270.6
2297310,25.71,3.841661875,4.042906749,1.052384848,0.787050189,0,22.8,260.6
2298123,21.75,3.684447639,3.525577604,0.956880909,0.824779155,0,22.6,255.7
2298608,22.79,3.896312115,3.622557426,0.929740051,0.773908009,0,22.65,265.9
2299950,33.67,3.962772074,3.522708309,0.888950523,0.749859913,0,22.55,268.25
2300700,25.46,3.89649692,4.353289665,1.117231645,0.72464039,0,22.3,265.25
2310947,42.23,3.760804928,3.547327132,0.943236142,0.677665905,0,21.05,248.9
2312200,34.11,3.593145791,3.78023447,1.052068213,0.636134618,0,21.85,255.6
2314500,42.05,3.651924709,3.477918275,0.95235213,0.269695206,0.00024965,22.3,259.35
2315500,39.99,3.667278576,3.708536345,1.011250241,0.277035736,0.000242633,21.05,249.65
2324400,31.14,3.851672827,3.816533183,0.990876784,0.328588408,0.000197253,21.3,269.3
2327100,25.14,4.168399726,3.268903765,0.784210723,0.246853688,0.00010082,22.75,267.55
2342933,127.7,3.814603696,3.275106338,0.858570536,-0.066124139,0.002796271,23.1,275.8
2349900,116.19,3.39147707,3.15703091,0.930871961,-0.031207687,0.001081747,23.85,272.5
2350900,139.77,3.635820671,3.156484257,0.868162801,-0.050833315,0.001767718,22.1,269.05
2361000,117.14,3.958042437,3.290583162,0.831366317,-0.035943093,0.001512442,21.4,262.95
2363000,135.39,3.960396988,4.171311253,1.053255839,-0.056416304,0.002655656,22.85,269.8
2369800,72.29,4.619824778,3.717416003,0.804666017,0.03807285,0.000872353,21,262.3
2371500,125.86,3.969983573,3.147583012,0.792845349,-0.045316595,0.00401714,22.4,264.55
2372250,122.94,3.983117043,3.144459986,0.789447047,-0.05689921,0.003475999,22.65,263.65
2374500,109.86,4.419623546,4.34898694,0.984017506,-0.026878855,0.003042556,21.2,262.95
2381600,512.02,4.271549624,3.014246598,0.705656463,-0.110113879,0.016637787,21.85,259.2
2384540,499.46,4.927827515,2.785701697,0.565300163,-0.114014019,0.031682787,19.95,255.4
2395120,250.6,3.75370705,2.946942478,0.785075244,-0.103527325,0.01248941,23.1,266.25
2408540,242.26,4.065550992,3.135989418,0.771356558,-0.122945784,0.010695027,21.8,255.55
2415000,270.56,4.055130732,3.000595674,0.739950416,-0.129686963,0.012469141,21.25,254.1
2422500,144.84,3.998073922,3.080677084,0.770540301,-0.122887203,0.007180391,22.65,263.05
2427250,102.61,4.043415469,3.971580692,0.982234134,-0.084702482,0.003181079,22.35,266.05
2430085,150.01,4.232670773,2.947196263,0.696297071,-0.16529165,0.012676724,22.85,264.65
2430615,132.82,4.241219713,2.950509966,0.695674868,-0.16044704,0.010538985,22.5,264.45
2450250,254.92,4.409545517,3.063882587,0.694829564,-0.174753638,0.014286411,21.1,256.3
2464000,143.69,4.272309377,3.002403272,0.702758861,-0.149259844,0.011217518,22.2,257.35
2464146,140.81,4.159726215,3.030128131,0.728444127,-0.155161494,0.010091224,23.85,264.65
2464360,114.12,4.098058864,3.162128186,0.771616097,-0.155678916,0.009536576,23.65,264.1
2465493,101.5,4.043492129,3.589870171,0.887814309,-0.139368466,0.007310655,23.7,266.2
2469800,78.13,4.096008214,3.282875811,0.801481745,-0.09919408,0.003171649,22.75,266.8
2472000,123.24,4.158402464,3.167661807,0.761749695,-0.163583172,0.006014722,23.2,259.85
2472500,113.73,4.256157426,3.618459589,0.850170524,-0.126695081,0.00245439,22.45,260.3
2479155,70.21,4.428888433,3.200477591,0.722636761,-0.040520437,0.001802613,21.95,262.75
2479300,65.19,4.618568104,3.213012129,0.695672783,0.01008665,0.000741287,20.5,247.9
2479560,64.68,4.649990418,3.185097139,0.684968538,-0.024360522,0.000888184,20.1,247.05
2481000,51.66,4.79164271,3.215610226,0.671087228,0.04569933,0.000365398,20.25,251.25
2481510,64,4.620825462,3.216086872,0.695998345,0.023743196,0.000762255,20.4,246.6
3010655,635.06,3.284587269,2.261308871,0.688460584,0.20555526,0.207261759,17.2,207.55
3011800,628.71,3.589425051,2.253249788,0.627746716,0.164345764,0.210192691,14.65,199.35
3015500,492.56,3.599088296,2.261299151,0.62829777,0.181003525,0.192038519,15.4,197.85
3021350,485.4,3.685735797,2.26540564,0.614641354,0.168834031,0.208263539,15.45,200.1
3026500,577.23,3.539561944,2.262476523,0.639196759,0.156580794,0.20981494,15.95,201.75
3028000,569.02,3.464323066,2.263054702,0.65324586,0.157303345,0.203474312,16.4,203.6
3049000,365.27,3.292454483,2.379358042,0.722669988,0.138944312,0.139333377,17.9,216.65
3049800,296.6,3.027023956,2.432800972,0.803693994,0.128476118,0.116341909,18.65,222.35
3050000,998.82,3.873125257,2.480649706,0.640477532,0.079522177,0.158964457,14.7,194.6
3066000,1072.01,4.160377823,2.450006762,0.588890449,0.053701636,0.222508815,13.6,195
3069500,961.46,4.073518138,2.446327611,0.60054418,0.068516371,0.19464463,13.15,190.2
3070500,599.73,3.700212183,2.434851841,0.658030329,0.080022353,0.144725592,15.25,203.35
3076600,795.46,3.653686516,2.439226982,0.667607079,0.071994059,0.189395501,16.1,206.8
3078000,767.06,3.509216975,2.437363244,0.694560428,0.090452777,0.194625437,17.15,214.45
3140000,287.7,2.913078713,2.442680712,0.838522042,0.180956093,0.089458478,21.55,241.2
3144000,292.28,2.994622861,2.452515441,0.818973058,0.159603525,0.093602405,20.35,239.65
3159540,232.8,3.145720739,2.515919603,0.799791149,0.106093067,0.078983476,20.8,240.1
3161000,834.21,4.047199179,2.698452526,0.666745669,0.103879435,0.087442529,19.45,232.65
3164000,766.6,3.740510609,2.668293854,0.713350163,0.101946052,0.083995897,19.7,235.4
3165000,707.63,3.671501711,2.665428255,0.725977669,0.091839634,0.075821616,21.3,252.2
3170000,713.74,3.322125941,2.816773402,0.847882787,0.130431484,0.094558584,20.55,247.65
3173000,750.95,3.022851472,2.633029637,0.871041684,0.137115354,0.094200099,19.25,234.9
3180500,1057.03,3.782822724,2.486055633,0.657195913,0.035102525,0.195303023,14.8,204.05
3182500,934.51,3.55233128,2.51935243,0.709211003,0.037523012,0.170253081,17.7,212.8
3186500,1057.61,4.142934976,2.514984887,0.607053913,0.046984657,0.190731671,15.2,206.8
3187500,1061.95,4.134422998,2.521012019,0.609761512,0.069888018,0.182826214,16.2,213.85
3213700,611.92,3.475412731,2.612382957,0.751675602,0.10480716,0.07309548,18.1,222.3
3237280,248.51,3.528353183,2.554847242,0.724090563,0.046001063,0.084730638,19.05,238.85
3237500,272.36,3.226532512,2.552859192,0.791208265,0.060616662,0.078710402,20.8,239.5
3238500,285.37,3.252699521,2.556092594,0.785837295,0.073574001,0.074738531,20.9,239.6
3241500,319.84,3.070156057,2.511801875,0.818134918,0.161117607,0.077946752,20.7,248.25
3280700,540.37,3.99057358,2.730696605,0.684286745,0.008978127,0.058446085,18.85,232.5
3281100,403.43,3.816214921,2.687047077,0.704113142,0.020118962,0.041671315,19.55,240.5
3281500,376.49,3.801241615,2.671624189,0.702829354,0.041789963,0.044067881,19.5,236.5
3285000,323.6,3.533520876,2.706649651,0.765992263,-0.016695641,0.044646811,21.55,245.3
3291780,249.83,3.624016427,2.584250048,0.713090048,0.079110588,0.067368653,21.15,251.7
3300400,254.43,3.457906913,2.700828912,0.781058883,0.011870119,0.053766408,21.45,248.5
3338780,213.25,2.915939767,2.481241944,0.850923593,0.32959857,0.072550319,22.15,259.35
3340800,268.15,3.117180014,2.512693785,0.80607914,0.193085648,0.073228668,22.35,252.7
3346000,173.5,3.133143053,2.602188802,0.830536225,0.141508237,0.062106965,22.75,255.35
3357350,258.64,3.220156057,2.529923217,0.785652363,0.192941732,0.070238198,22.6,253.55
3364500,274.58,3.348644764,2.53998794,0.75851221,0.144662519,0.080417058,22.85,248.25
3366500,240.19,3.615696099,2.591121602,0.716631468,0.103580453,0.059067129,21.35,247.45
3368000,264.12,3.508962355,2.566777714,0.73149195,0.109334032,0.067085866,21.45,250.6
3384450,166.37,3.669481177,2.73193681,0.7445022,-0.074154667,0.049672531,23.5,265.05
3439000,863.18,5.56067488,2.719387447,0.489039101,0.021071259,0.037466092,18.9,231.5
3450000,891.9,4.094606434,2.709808008,0.661799382,0.064045328,0.084269051,17.55,240.55
3455500,1326.82,5.800580424,3.423765366,0.590245306,0.063870032,0.077431417,17.8,230.7
3456500,1162.13,4.787383984,2.766305476,0.577832379,0.055759085,0.063873677,17.3,233.25
3460000,1254.53,4.471080082,2.652780712,0.593319883,0.02567598,0.077253344,15.15,226.45
3463300,1025.66,4.56529911,3.054203874,0.669004111,0.037920279,0.08491639,17.25,233
3471500,1023.62,3.412537988,2.603604107,0.762952417,0.105286957,0.08387117,19.4,238.25
3473000,916.29,3.495952088,2.587402259,0.740113764,0.090562165,0.083266733,17.9,231.8
3479000,1040.03,3.973234771,2.663771745,0.670428983,0.109819058,0.090417124,18.25,226.6
3488000,812.91,3.274212183,2.611844668,0.797701713,0.098884661,0.081549052,18.3,224.95
3498500,680.92,4.330517454,2.647463696,0.611350427,-0.031099112,0.034370779,16.4,217.1
3500000,808.87,5.195041752,2.822625969,0.543330757,-0.081189916,0.029248918,19.75,233
3500240,967.11,5.038084873,3.065165366,0.608398914,-0.087909723,0.029394719,19.05,237.4
3504000,1039.71,5.603148528,2.698901164,0.48167582,-0.07762712,0.058991229,19.05,237
3574500,337.61,4.290780287,2.857623285,0.66599152,-0.1734524,0.020068179,21.15,237.3
3592718,173.22,4.275357974,3.761118782,0.879720202,-0.138466454,0.014910912,21.2,257.85
3604000,269.53,4.350184805,2.964370637,0.681435564,-0.13423566,0.025599076,21.9,249
4015330,337.69,2.239800137,1.95845499,0.87438828,0.590786401,0.19607939,20.8,250.85
4024430,343.48,2.233154004,2.011562724,0.900772056,0.682954738,0.160866759,22.25,261.25
4027000,425.75,2.423422313,2.052686804,0.84701985,0.459768532,0.235000085,18.95,240.2
4040500,497.28,2.439718001,2.260970075,0.926734186,0.307721221,0.3096076,16.8,217.8
4043050,239.41,2.072616016,2.187379535,1.055371336,0.219573738,0.299401075,19,236.9
4045500,236.77,2.564099932,2.793217604,1.089355984,0.143003213,0.300079815,15.95,214.05
4056500,232.99,2.396021903,2.035150418,0.849387234,0.208487829,0.277927594,17.05,224.4
4057510,228.86,2.356332649,2.035944422,0.864030986,0.274350842,0.253134693,19.7,234.3
4057800,476.21,2.490354552,2.05002037,0.82318414,0.257919994,0.334246736,17.85,218.4
4059500,314.09,2.183022587,2.334936605,1.069588844,0.380564371,0.235319791,21.45,245.45
4063700,473.28,2.300633812,2.043433539,0.888204602,0.520192758,0.21196611,21.8,250.1
4074950,482.31,2.371895962,2.314146639,0.975652675,0.534512715,0.203272983,20.9,250.15
4105700,277.91,2.800427105,2.32536731,0.830361664,0.228083218,0.154578944,19.4,232.9
4115265,254.56,2.497285421,2.262024695,0.905793417,0.222395197,0.176923663,22.05,245.25
4122200,244.61,2.638906229,2.227664025,0.844161873,0.176031411,0.175430988,19.25,238.4
4122500,270.61,2.613932923,2.211678385,0.846111377,0.201226998,0.184317913,19.6,232.75
4124000,336.67,2.474481862,2.604745352,1.052642734,0.243321531,0.226973864,17.3,220.75
4127918,234.05,2.622970568,2.028004887,0.773171042,0.149954184,0.29025406,15.25,209.55
4127997,356.97,2.523626283,2.88227039,1.142114587,0.189064032,0.268061615,16.75,218
4161580,277.3,2.478576318,2.282442834,0.920868491,0.237781898,0.157673147,21.8,251
4185000,250.64,2.587984942,2.376225708,0.918176018,0.22580284,0.125203449,22.45,252
4196800,276.66,2.674605065,2.454083299,0.917549784,0.199795051,0.099311649,21.2,245.9
4197100,298.46,2.758525667,2.445123997,0.886387981,0.194850475,0.111863761,20.2,239.1
4197170,275.04,2.712798084,2.412341629,0.889244815,0.197257299,0.107584956,20.2,242.9
4213000,322.72,3.258936345,2.309250048,0.708590105,0.14611811,0.162227338,17,209.8
4213075,358.17,3.257564682,2.308160821,0.708554103,0.152360048,0.160655071,16.65,210.3
4216418,533.55,3.154031485,2.232062136,0.707685432,0.137933106,0.225393877,15.25,202.85
4221000,658.41,3.175522245,2.270549706,0.715016155,0.219528466,0.207214753,16.85,212.45
4224775,519.45,2.914366872,2.244687926,0.770214604,0.227626117,0.204650191,17.2,217.75
4233000,434.01,2.870416153,2.244794387,0.782044926,0.237510791,0.169532329,18.8,226
4256000,486.49,3.641040383,2.19316527,0.602345769,0.043950886,0.279703585,15.1,195.8
4296000,390.99,3.615295003,2.190772293,0.605973314,0.20214703,0.273317826,13.65,185.9
5056000,493.5,1.300759754,2.04017577,1.568449335,0.881202912,0.165918933,24.3,296.4
5057000,480.87,1.349991786,2.020713744,1.496834102,0.886216189,0.162742897,23.95,288.8
5057200,447.5,1.451779603,2.038250732,1.403967054,0.916413869,0.141789208,24.85,296.85
5062500,428.27,1.888176591,2.02406104,1.071965964,0.811813803,0.154627702,22.85,274.25
5087500,306.72,1.636750171,1.964456537,1.200217707,0.840967266,0.157256412,22.55,281.95
5120500,515.77,1.311843943,2.038847283,1.554184318,0.801899394,0.19176627,24.3,304.15
5123400,492.06,1.352298426,1.952944531,1.44416683,0.87691431,0.18670674,23,289.4
5129115,428.21,1.973115674,1.900616879,0.963256693,0.759441891,0.174442072,19.35,251.5
5131500,413.17,1.996502396,1.921465804,0.962415977,0.760063193,0.171343451,18.4,245
5291000,432.13,1.73521013,2.237164463,1.28927582,0.751201963,0.148874501,24.25,288.1
5362000,434.01,2.35849692,2.081665394,0.882623749,0.62390112,0.174430983,22.85,254.85
5393500,487.07,2.388422998,2.086423477,0.873556936,0.583819247,0.196169866,22.3,253.65
5399500,408.61,2.281986311,2.127552252,0.932324722,0.641754841,0.156958256,22.2,255.55
5408000,348.35,2.486422998,2.224451225,0.894639097,0.6255573,0.140156645,21.85,261.75
5412500,327.65,2.688338125,2.27296245,0.845489795,0.667597526,0.123139415,21.7,256.05
5413500,280.29,2.651338809,2.283588857,0.861296508,0.607552985,0.124159246,21.9,259.15
5414000,291.51,2.707295003,2.277338508,0.841185946,0.595308071,0.123542294,22.5,259
5444000,241.53,2.806124572,2.382675838,0.849098384,0.448834364,0.113352333,22.7,259.45
5454000,225.39,2.747003422,2.387006817,0.868949342,0.570875786,0.10238124,23.15,262.55
5458000,355.97,2.567882272,2.258914237,0.879679828,0.727605613,0.122540966,23.2,265.2
5466500,222.09,2.730429843,2.441439083,0.894159244,0.409918999,0.107102802,22.55,259.6
5487980,309.96,2.685623546,2.429605777,0.904671014,0.613011767,0.096451917,23.35,265.1
5488200,282.37,2.663479808,2.42888078,0.911920103,0.606905243,0.101821376,23.75,267.9
5489000,281.38,2.680933607,2.435412923,0.908419707,0.603570354,0.097742468,22.65,266.05
5495000,236.65,2.729774127,2.495776523,0.9142795,0.488646008,0.096562359,23.3,265.95
5495500,203.55,2.752906229,2.534352334,0.920609757,0.380504764,0.075832497,23.5,270.4
5501000,215.88,2.820394251,2.562936194,0.908715579,0.372918235,0.080596593,24,268.5
5503800,232.79,2.945878166,2.577900027,0.875087116,0.376372838,0.083284386,24.25,270.25
5507600,232.77,2.920492813,3.570260507,1.222485633,0.326668711,0.074263389,23.6,268.5
5508805,223.69,2.872459959,2.694947118,0.938201805,0.322871,0.075793058,23.3,268.4
5514500,226.22,2.948210815,2.613469199,0.886459403,0.284030374,0.071389369,23.3,264.65
5525500,217.33,2.846590007,2.466371732,0.866430264,0.320439505,0.077566299,21.8,255.4
5556500,217.97,2.783137577,2.391650787,0.85933617,0.423445845,0.106987815,23.2,258.85
5584500,197.83,2.770427105,2.505087926,0.90422445,0.386434451,0.086476559,23.25,265.3
5585000,197.96,2.766807666,2.512762478,0.908181117,0.369440377,0.082050691,23,265.55
5591550,211.21,2.89986037,2.58387076,0.891032819,0.197561874,0.069251605,23.5,263.9
5592050,191.16,2.832898015,2.590846899,0.914557067,0.188157465,0.074088929,23.55,262.85
5592575,176.47,2.983382615,2.673311034,0.896067109,0.131976322,0.063880192,24.8,264.25
5593575,153.43,2.964422998,2.675455647,0.902521553,0.143569501,0.054747355,24.55,268.7
5593900,196.82,2.861801506,2.621803696,0.916137507,0.174782458,0.073433926,24.4,267.5
5595730,151.58,3.100681725,2.670976413,0.86141586,0.114668861,0.056671647,24,265.8
6037500,2412.29,2.405824778,2.603780794,1.082281976,-0.405931801,0.648344908,14.1,223.3
6043500,2374.11,2.198332649,2.689934319,1.223624787,-0.068338105,0.58082412,12.05,213.75
6154410,1168.62,1.290872005,2.066225749,1.600643395,0.762951911,0.197818198,26.75,307.1
6188000,2569.59,2.252744695,2.531674552,1.123817784,-0.229372987,0.62110681,10.05,209
6191500,2547.95,2.163867214,3.332678289,1.540149168,-0.243341257,0.62926226,9.75,203.65
6221400,3336.8,1.550640657,3.00475833,1.937752835,0.010823106,0.714826752,22.75,274.2
6224000,3116.82,1.479036277,2.585163395,1.747870175,0.024107888,0.693901351,23.35,275.95
6278300,2953.37,1.933919233,2.551762916,1.3194775,0.043523279,0.732862235,16.85,255.85
6280300,3003.52,1.952149213,2.543966256,1.303161787,-0.099936827,0.666773489,15.95,235.8
6289000,2507.99,1.721811088,2.489652334,1.445949762,0.029903279,0.583642806,18.5,258.8
6291500,2238.49,1.56217796,3.10414486,1.987062254,0.149455514,0.404772817,22.15,272.8
6311000,2515.87,1.456565366,2.441524038,1.676220028,0.269035363,0.57382796,23.65,279.25
6332515,683.69,1.211637235,2.475154141,2.042817825,0.818659018,0.173914615,23.65,293.25
6339100,759.27,1.15557974,2.118595825,1.833361863,0.838254396,0.160349274,24.3,297.4
6339500,711.32,1.136354552,2.159783203,1.900624413,0.834636766,0.161668315,23.25,298.65
6344600,796.57,1.136924025,2.12980319,1.873303003,0.835102017,0.162624033,25.2,297.9
6350000,833.77,1.077960301,2.174678713,2.017401486,0.771483147,0.164913328,24.05,302.35
6352000,840.97,1.095667351,2.334641492,2.130794068,0.751851497,0.168403956,24.15,301.65
6353000,767.71,1.135227926,3.043099658,2.680606764,0.779534463,0.155792226,23.45,300.55
6354000,743.88,1.138187543,2.640713333,2.320103879,0.787551447,0.1592635,22.65,296.75
6360500,802.48,1.187192334,2.279332005,1.919934909,0.723823144,0.152009123,23.15,293.6
6404000,1506.1,1.540819986,2.408609336,1.563199697,0.742308699,0.191294359,24.85,284.9
6406000,1337.4,1.428150582,2.371293785,1.66039479,0.747918617,0.167832878,24.25,287.55
6408700,2018.14,1.838093087,2.353210281,1.280245433,0.492574918,0.373160739,22.6,273.6
6409000,1960.28,1.733442847,2.602917454,1.501588274,0.561712234,0.343337177,22.85,270.4
6431500,1889.64,1.965182752,2.906362272,1.478927225,0.393724656,0.369931442,20.7,261.65
6440200,756.84,1.316009582,2.364042998,1.796372176,0.662348894,0.14080585,24.25,295.2
6441500,683.42,1.309505818,2.335091075,1.783184956,0.682999423,0.131508247,23.05,291.05
6447000,1057.12,1.313160849,2.725462587,2.075497903,0.679088735,0.142712538,23.3,285.85
6447500,1040.9,1.437181383,2.415818809,1.680942182,0.67896221,0.155649176,25.25,292.45
6450500,912.42,1.471411362,2.36722512,1.608812587,0.690499954,0.144339853,24,285.4
6452000,923.24,1.382093087,2.409193128,1.743148237,0.682097417,0.131326768,22.2,278.6
6453600,569.46,1.7176564,2.385833238,1.389004948,0.699911406,0.128318993,25.25,289.85
6464500,768.53,1.546439425,2.40168104,1.553039195,0.733348152,0.131171471,25.15,290.7
6468170,516.41,1.30774538,2.065571773,1.579490782,0.920667037,0.143378889,25.05,301.35
6468250,508.66,1.319754962,2.850338289,2.159748112,0.922018964,0.144027317,25.25,299.3
6470800,423.26,1.557598905,2.105190897,1.351561618,0.824561369,0.147189465,24.95,296.7
6477500,466.03,1.680016427,2.335321684,1.390058839,0.698989466,0.132381125,24.6,295.6
6479215,569.24,1.806774812,2.179105859,1.20607496,0.760783399,0.164751422,25.7,289.15
6479438,554.25,1.76455989,2.2410059,1.27000841,0.770545991,0.159799257,26.1,288.1
6601000,415.2,2.115007529,2.401577467,1.135493578,0.702089233,0.105879368,25.4,291.05
6614800,3296.83,2.917613963,3.775497112,1.294035866,-0.273957013,0.760476738,12.15,233.85
6622700,2837.34,2.257149897,3.331293812,1.47588506,-0.377662713,0.717691989,14.3,240.95
6623800,2970.51,2.868472279,3.046182177,1.061952803,-0.574079549,0.753935609,14.85,229.1
6632400,3001.56,2.246401095,3.275386557,1.458059544,-0.353991437,0.74451187,15.7,240.45
6746095,3370.38,2.754986995,2.98640653,1.084000228,-0.25810265,0.728744289,12.7,235.3
6784000,790.29,1.745111567,2.476443956,1.419074862,0.747034934,0.115205161,24.6,287.05
6803510,373.26,2.104924025,2.495444189,1.185526964,0.686401451,0.094047593,24.9,282.5
6803530,377.45,2.142568104,2.486346817,1.160451709,0.678686575,0.099195858,24.3,282.2
6814000,401.18,2.400602327,2.577198166,1.073563137,0.640132688,0.090284209,24.5,283.25
6847900,885.8,1.575601643,3.305606831,2.097996563,0.804810475,0.102382585,24.65,297.3
6853800,559.13,1.945875428,2.851628638,1.465473379,0.688722092,0.104135742,23.9,292.05
6876700,448.53,2.055776865,2.679570048,1.303434285,0.713301976,0.079611385,25.7,294.15
6878000,393.93,2.229780972,2.893592279,1.297702472,0.649879242,0.072786712,25.4,288.65
6879650,402,2.623746749,2.644288789,1.007829277,0.666392528,0.067249734,23.25,279.35
6885500,394.81,2.445574264,2.866789185,1.172235588,0.664971956,0.084298726,24.95,285.3
6888500,412.34,2.638001369,2.728151034,1.034173472,0.629940349,0.070371966,24.4,280.95
6889200,347.72,2.589623546,2.621313196,1.012237165,0.632717436,0.07161525,24.45,282.5
6889500,335.49,2.619830253,2.628446899,1.003289009,0.621476145,0.069599736,25,279.2
6892000,304.55,2.774991102,2.620075236,0.944174284,0.585259882,0.071517825,24.9,274.05
6903400,322.12,2.771672827,2.431550157,0.877286141,0.603861863,0.097926268,23.4,261.85
6906800,279.08,3.190375086,2.656419713,0.83263555,0.364725737,0.060450474,24.05,269.15
6910800,376.84,2.667686516,2.716138563,1.018162571,0.573098127,0.061306636,24.9,286.85
6911900,367.43,2.665383984,2.671907474,1.002447486,0.570789214,0.06185316,25.25,286.85
6917000,296.09,3.020013689,2.753761629,0.911837466,0.46137592,0.051070205,25.1,277.45
6918460,372.29,3.229486653,2.753408104,0.852583831,0.249251703,0.049858847,23.95,270.25
6919500,304.29,3.316985626,2.852089309,0.859843735,0.33452671,0.049446608,23,268.25
6921070,374.14,3.24154141,2.752118713,0.849015442,0.242140554,0.060123837,23.9,266.85
6921200,338.33,3.232652977,2.738147201,0.847027881,0.270337364,0.057255427,24.45,272.05
6934000,334.86,3.256001369,2.701932841,0.829831605,0.163030342,0.064590884,22.3,255.3
7014500,330.14,3.284264203,2.772139603,0.844067174,0.144399588,0.066115361,21.4,255.5
7056000,459.08,3.617371663,2.804692868,0.775339979,-0.018570897,0.052745706,23.75,269.7
7057500,324.68,3.261271732,2.773481561,0.850429461,0.025242534,0.056439437,25.55,273.8
7060710,272.84,3.696503765,3.047528679,0.824435432,-0.035889073,0.050998483,24.05,271.3
7066000,343.23,3.287924709,2.753928364,0.837588633,0.05814903,0.056231314,26.9,279.55
7067000,325.61,3.44280219,2.757459576,0.800934652,0.017217224,0.055720413,25.1,274.7
7068000,293.5,3.404091718,2.747049719,0.806984637,0.055484148,0.055510761,23.8,260.15
7071500,283.07,3.338821355,2.77022152,0.829700432,0.007823482,0.053355687,25.15,270.45
7083000,3457.46,2.083708419,2.843017536,1.364402769,-0.167233548,0.710599948,16.1,248.25
7142300,677.58,1.806744695,2.832697673,1.567846127,0.643003667,0.086791678,25.1,304.1
7145700,393.17,2.510521561,2.800414593,1.115471238,0.530907144,0.061761152,26.2,292
7148400,545.41,1.909582478,3.200512471,1.676027356,0.56707562,0.079878132,26.05,302.25
7149000,558.82,1.975812457,3.009930007,1.523388516,0.581205239,0.079110059,25.95,301.15
7151500,456.85,2.316180698,2.980717057,1.286910412,0.527944729,0.070534939,25.75,290.4
7167500,383.36,2.816464066,2.72132924,0.966221893,0.546830642,0.052068919,24.9,287
7180500,442.86,2.607589322,2.931383518,1.12417377,0.583217759,0.055784621,26.2,298.9
7184000,280.99,3.255382615,2.741905558,0.842268293,0.405783301,0.045357618,23.25,271.8
7195800,371.07,3.504130048,2.862758316,0.816966915,0.142939362,0.048236422,26,278.1
7196900,430.12,3.703661875,2.863045626,0.773031049,0.101719624,0.046098632,24.95,275.85
7197000,348.86,3.624199863,2.871805996,0.792397247,0.123749169,0.040801094,24.75,272.8
7208500,2675.36,1.658678987,2.916186858,1.758138182,0.550231739,0.333134984,28.8,291.45
7226500,1587.35,1.074360027,2.710015455,2.522446281,0.890675558,0.073573558,25.45,305.55
7261000,197.55,3.749127995,2.903797276,0.774526044,-0.083193894,0.037806099,24.2,270.55
7263295,260.56,3.946117728,3.389746297,0.859007899,-0.092522128,0.031045511,25.1,269.15
7290650,105.8,4.154616016,3.422857728,0.823868611,-0.167247617,0.004061026,22.7,262.35
7291000,129.13,4.273158111,3.191381342,0.74684373,-0.165164818,0.00356939,24.35,267.6
7292500,115.81,4.255530459,3.474859001,0.816551317,-0.170541737,0.002579886,23.8,261.8
7295000,95.88,4.38075154,3.553881164,0.811249196,-0.170925116,0.001879606,25.25,279.35
7299670,497.04,1.772833676,4.142273744,2.336526997,0.460331288,0.029132353,26.45,309.25
7301410,787.71,1.690138261,2.90849013,1.720859291,0.54562377,0.075416759,25.85,312.7
7301500,841.43,1.72773306,3.099671513,1.794068531,0.55267975,0.069424273,25.35,297.65
7315200,310.11,2.231993155,3.811487529,1.70766094,0.201927754,0.016256039,26.8,300.25
7315700,286.95,2.502206708,3.069474114,1.226706852,0.244999789,0.020816123,25.55,295
7335700,450.35,4.235282683,2.837448241,0.669954866,0.017379116,0.043016296,25.65,279.7
7340300,342.71,4.382833676,2.879540712,0.657004332,-0.040390041,0.038567805,23.95,266.85
7346045,103.75,3.582024641,3.14231922,0.877246679,-0.136650783,0.016889794,25.8,277
7359610,301.25,4.28054757,2.91806742,0.681704238,-0.08025273,0.030179025,23.75,269.95
7362100,82.82,3.80791102,3.054509569,0.802148357,-0.192228847,0.018323466,23.8,268.6
7362587,287.49,4.213067762,3.159702984,0.749976778,-0.069011165,0.036638067,24.2,270.3
7373000,63.49,4.242907598,3.413675565,0.804560431,-0.199332602,0.003303496,23.25,269
7375000,54.03,4.611883641,3.715134223,0.805556799,-0.006388604,0.000508166,22.3,259.6
7376000,64.48,4.587405886,3.935050856,0.857794351,-0.043677123,0.001204679,21.4,254
8013000,75.95,4.320046543,3.219655291,0.745282547,-0.156904435,0.003286336,21.9,251.3
8014500,57.95,4.472329911,3.270267611,0.731222355,-0.101712205,0.002245766,21.25,253.3
8023080,86.85,4.023367556,3.221669473,0.800739537,-0.210385475,0.00720466,24,269.85
8025500,95.89,3.995754962,3.217361013,0.805194774,-0.237572989,0.002784954,24.3,272.4
8029500,78.75,4.203683778,3.572862355,0.849936043,-0.148418509,0.002072756,23.15,270.2
8050800,229.09,2.819348392,3.141792539,1.114368323,0.075738667,0.019672897,26.4,294.35
8066200,86.8,3.814758385,3.886411567,1.018783151,-0.115463192,0.002320682,24.4,275.45
8066300,67.47,3.976249144,4.190918658,1.053987943,-0.099831979,0.001753051,22.45,267.25
8070000,84.67,3.643779603,3.67837729,1.009495,-0.090081023,0.002380737,23.5,274.6
8070200,71.08,3.676714579,4.025771718,1.094937241,-0.079490951,0.002455098,23.3,271.15
8079600,952.69,1.37242026,3.580756372,2.609081545,0.568760374,0.035721802,25.15,308.55
8082700,453.85,1.82721013,3.651840589,1.998588191,0.377580942,0.012802138,26.45,313
8086212,507.6,1.908219028,3.261216099,1.709036568,0.305190847,0.013186231,25.45,305.25
8086290,475.58,2.018210815,3.574709377,1.771226946,0.270926123,0.012879985,25.65,306.1
8101000,388.23,2.396481862,3.301889131,1.377806852,0.105146589,0.009179553,26,293.2
8103900,382.97,2.444951403,3.325250021,1.360047491,0.06731887,0.009284242,26.1,298.45
8104900,317.44,2.52033128,3.352116427,1.330030085,0.083985323,0.009359612,26.8,296.65
8109700,143.05,2.637816564,3.390921369,1.285503099,-0.070563678,0.005136163,25.9,293.65
8150800,563.65,2.105409993,3.350305366,1.591284062,0.209836351,0.00823406,25.15,303.35
8155200,337.33,2.504511978,3.376621164,1.348215218,0.039717298,0.006380818,25.25,293.45
8158700,367.97,2.56350308,3.374985708,1.316552235,0.082642544,0.006475354,25.25,294.35
8158810,308.05,2.508960986,3.377082628,1.346008426,0.035717734,0.005846259,25.05,294.45
8164000,73.09,2.933000684,4.7439059,1.617424069,0.095341135,0.001380127,23.75,280.05
8164300,102.72,2.850060233,4.718958604,1.655739956,-0.000427414,0.002135478,25.45,287.8
8164600,37.19,3.102590007,3.777449062,1.217514739,0.185540967,0.000897883,25,287.7
8165300,669.21,2.228876112,3.345473361,1.500968736,0.306120853,0.005616038,25.55,308.15
8171300,379.23,2.56038193,4.675037577,1.825914143,0.118060635,0.004320026,24.9,293.15
8175000,113.27,2.416309377,3.444295592,1.425436504,0.149304801,0.002229318,25.55,297.35
8176900,88.45,2.492143737,3.880572895,1.557122423,0.196843008,0.001800593,25.85,297.5
8178880,542.56,2.475806982,3.382485421,1.366215317,0.297780119,0.003044935,24.1,301.1
8189500,67.31,2.374370979,4.736852977,1.994992787,0.240103707,0.001628732,23.3,292.9
8190000,567.77,1.917389459,3.398908131,1.772674881,0.375019994,0.003707556,25.2,311.25
8190500,590.4,1.826854209,4.206361314,2.302516146,0.414786097,0.004490763,24.55,315.25
8194200,161.27,1.397215606,3.619265257,2.590341277,0.435173445,0.00055356,23.65,322.5
8195000,578.2,2.211577002,3.387042053,1.531505369,0.369790188,0.00435763,25,309.4
8196000,536.77,2.085787817,3.421021629,1.640158027,0.38325862,0.002389628,25.8,315.45
8198500,439.45,2.253373032,3.415260397,1.515621403,0.368542258,0.003098253,24.7,306.75
8200000,464.34,2.393649555,3.395118782,1.418385901,0.319638947,0.002628447,24.65,305.15
8202700,399.03,2.226349076,3.428641889,1.540028887,0.347770892,0.002762016,24.65,305.05
8267500,3006.6,1.678718686,3.55741332,2.119124157,0.294762967,0.471388008,26.9,285.05
8269000,2791.36,1.545537303,3.793536906,2.454510091,0.350034873,0.401645682,28.15,286.95
8271000,2722.86,1.694047912,4.027345613,2.377350477,0.296087224,0.48400245,28,287.5
8324000,2459.47,1.53157974,3.063129185,1.99998022,0.238578721,0.365429082,27.7,286.65
8377900,3017.75,2.042814511,3.059941588,1.497904764,0.324674517,0.466213355,25.95,283.65
8378500,2965.23,1.956338125,3.135561383,1.602770678,0.316617837,0.449989329,25.95,282.7
8380500,2523.15,1.74828063,3.055200082,1.747545577,0.487696049,0.291104431,27.05,288.85
9034900,3571.18,2.586208077,2.998558001,1.159441898,-0.244251519,0.72579444,13.1,234.65
9035800,3271.22,2.455986311,3.817228925,1.554254968,-0.258539248,0.703715182,13.75,238.45
9035900,3240.75,2.387453799,3.434853525,1.438709946,-0.228658264,0.689823885,13.1,231.2
9047700,3333.84,2.030848734,3.909288556,1.924953095,-0.073416344,0.626945101,12.45,236.55
9065500,3350.1,2.570383299,3.719377947,1.44701296,-0.27966308,0.715530726,11.65,237.3
9066000,3405.13,2.269394935,3.472258015,1.530036911,-0.249202849,0.682272757,12.35,234.9
9066200,3071.97,2.650229979,3.705613005,1.398223186,-0.293969647,0.712216418,14.6,239.75
9066300,2943.62,2.521845311,3.748450856,1.486392063,-0.287301431,0.688317497,15.6,241.2
9081600,2990.97,2.678277892,4.024814415,1.502762065,-0.382230499,0.664742124,15.05,232.45
9107000,3300.29,1.915054073,3.227400753,1.685279178,-0.218958365,0.672583021,16.95,247.95
9210500,2441.13,1.382766598,2.629682806,1.901754649,-0.456188118,0.654725075,21.95,266.5
9223000,2448.68,1.73407666,2.735310007,1.577387015,-0.517345656,0.69832318,19.3,258.5
9306242,2245.09,1.268443532,3.683803039,2.904191591,0.054100734,0.358007464,29.2,294.7
9312600,2434.67,1.584095825,3.755033963,2.370458847,-0.467531289,0.604725964,22.05,270.8
9352900,3282.66,2.524340862,3.134339685,1.241646773,-0.121127623,0.633893899,18.75,247.2
9378170,2308.2,1.623308693,2.908896838,1.791955437,-0.214865457,0.504005222,29.35,303.4
9378630,2125.1,1.580520192,2.968855975,1.878404332,-0.229490774,0.503089462,29.5,304.15
9386900,2341.65,1.213946612,3.004670459,2.475125701,0.1410788,0.307507544,32.7,308.35
9404450,2070.41,1.350459959,3.862233224,2.859939088,-0.416732257,0.42359994,26.9,302.35
9430500,2227.36,1.29077755,3.449750732,2.672614451,0.473474964,0.139533552,26.4,293.95
9430600,2126.66,1.588898015,4.261386242,2.681975937,0.304849604,0.212871654,28.8,300.45
9447800,1395.31,1.072425736,3.259460561,3.039334522,0.138870715,0.03948267,27.7,310.4
9480000,1564.07,1.427419576,3.505478987,2.455815408,0.60342952,0.008279229,29.85,307.25
9484000,1332.86,1.564503765,4.597359384,2.938541593,0.114102984,0.106460927,27.85,319.9
9484600,1347.5,1.263404517,3.70382902,2.931625595,0.426710731,0.010148258,28.8,305.6
9492400,2468.99,1.775270363,3.331320643,1.876514537,0.096881001,0.271766262,26.55,293.95
9494000,2153.94,1.709345654,3.102372676,1.814947532,0.093496828,0.23555411,23.25,281.9
9497800,1646.91,1.527166324,4.127010294,2.702397393,-0.114428848,0.083064194,25.25,297.4
9497980,1655.39,1.642795346,3.537511266,2.153348727,-0.300091372,0.079665051,25.85,305.3
9505200,1847.24,1.675397673,3.540290787,2.113104754,-0.283375977,0.262230386,26.5,300.45
9505350,1736.94,1.595073238,3.300042834,2.068897375,-0.295894841,0.198936493,26.85,302.2
9505800,1865.1,1.766028747,3.250249021,1.84042815,-0.28876454,0.284069099,25.25,297.05
9508300,1243.76,1.537049966,3.863441027,2.513542899,-0.31355815,0.040118809,27.15,311.65
9510200,1034.93,1.227353867,3.400826749,2.770860825,-0.506326724,0.00612437,26.4,321.3
9512280,1040.23,1.181941136,3.458593388,2.926197661,-0.439113383,0.00464207,25.8,326.25
9513780,939.06,1.180094456,3.522148241,2.984632479,-0.413281199,0.004256089,24.65,325.5
10023000,2257.51,1.550551677,2.642886612,1.704481477,-0.420761068,0.548429474,23.3,270.9
10166430,1578.7,1.364743326,2.694155291,1.97411135,-0.307864644,0.225310323,24.2,278.95
10172700,1853.47,1.385296372,2.895458166,2.090136251,-0.466426335,0.411636242,26.6,293.55
10172800,2085.87,1.943690623,3.446788337,1.773321482,-0.353639697,0.472831239,24.7,277.15
10173450,2638.59,1.679568789,3.068090335,1.826713116,-0.411127387,0.638428592,25.7,287.55
10205030,2489.29,1.646277892,4.057639055,2.464735192,-0.338402336,0.58253576,23.65,274.95
10234500,2498.74,1.779151266,3.672390801,2.064125109,-0.307748404,0.632069679,26.9,288.2
10242000,2035.16,1.142453114,3.813684956,3.338154457,-0.412290814,0.30427937,27.15,295.75
10244950,2404.47,1.320299795,3.445962765,2.60998508,-0.339570347,0.656356437,31.1,305.4
10249300,2256.43,0.644565366,3.356840383,5.207913052,-0.258082781,0.312694991,29.65,320.35
10258000,1371.26,1.101367556,3.373830842,3.063310538,-1.333278977,0.050845878,18.9,341.5
10258500,1329.18,0.822899384,3.141874196,3.818053892,-1.345435404,0.004087316,16.7,343.75
10259000,1233.96,1.048308008,3.133220616,2.988835906,-1.343079514,0.0335249,18.55,343.55
10259200,1139.91,0.657341547,3.130880342,4.762943035,-1.355444616,0.002486526,14.55,348.7
10263500,1651.45,1.322364134,3.137967953,2.372998384,-1.371880042,0.09936055,18.35,333.4
10310500,1900.8,1.471169062,3.929242806,2.670830231,-1.117475701,0.498158072,25.65,307.6
10316500,2490.13,2.212016427,3.422651855,1.547299474,-0.545402833,0.750536241,27.4,288.4
10329500,1755.66,1.359549624,3.418740999,2.514612884,-0.69547223,0.47742589,28.4,292.1
10336645,2357.54,3.379605749,2.881164559,0.852514989,-1.13259477,0.665304873,23.35,284.9
10336660,2113.28,3.731182752,2.85939039,0.766349595,-1.141316435,0.668727842,23.45,278.9
10336740,2117.98,1.849790554,2.813277002,1.520862454,-1.114734877,0.73824515,25.35,304.75
10343500,2156.91,2.567891855,2.825938152,1.10048955,-1.132976433,0.714981248,23.7,289.35
10348850,2041.6,2.507882272,2.947695469,1.175372346,-1.15782138,0.829055332,23.6,294.4
10396000,1613.27,1.560339493,3.394634223,2.175574122,-0.575569842,0.46548953,24,277.9
11098000,595.39,1.96570705,3.584672101,1.823604439,-1.414504908,0.012301273,19.6,329.6
11124500,679.8,2.052190281,3.186565667,1.552763259,-1.435460895,0.023038106,21.75,328.1
11141280,292.35,1.883665982,2.751562245,1.460748493,-1.370780024,0.00078778,27.25,318.65
11143000,764.03,2.836767967,2.582940862,0.91052243,-1.358352347,0.02543794,27.6,303.1
11148900,462.72,2.288532512,2.756363847,1.204424159,-1.397656757,0.003526795,26.8,311.6
11151300,535.53,1.332784394,3.644738303,2.734679606,-1.392611555,0.00384039,24.55,317.1
11162500,349.51,2.691979466,3.447232991,1.280556941,-1.329187172,0.000200357,26.7,298.7
11176400,701.12,1.476209446,3.260671814,2.208813813,-1.257794876,0.016307004,26.1,303.7
11180500,47.25,1.488306639,2.709377933,1.820443356,-1.294202188,0,26.55,304.3
11180960,130.05,1.639290897,2.863708104,1.746918811,-1.282840138,0,27.35,302.25
11224500,658.03,1.307091034,3.437484339,2.629873705,-1.398271105,0.017898474,25,323.1
11230500,3020.86,2.018366872,3.157910828,1.564587128,-1.117485793,0.90296368,25.9,307.55
11237500,2201.22,2.928503765,2.94218308,1.004671094,-1.199687833,0.749856961,27.45,302.9
11253310,802.17,1.174001369,2.984370431,2.542050214,-1.389985056,0.009070578,25.8,323.7
11264500,2632.87,2.640388775,3.047812293,1.154304367,-1.196261743,0.906326926,26.8,300.3
11266500,2512.58,2.735619439,3.084896715,1.127677582,-1.19424342,0.885217452,26.75,297.55
11274500,377.44,1.20644627,2.749829897,2.279280865,-1.308370941,0,26.7,307.65
11274630,517.24,1.259329227,2.750117413,2.183795432,-1.282214423,0.00015001,27.5,307.65
11284400,897.33,2.822433949,3.480214251,1.233054276,-1.239439578,0.036504723,26,302.5
11299600,300.42,2.068405202,3.492291157,1.688397976,-1.221140256,0.000277967,25.65,302.3
11381500,941.68,3.450539357,3.453349295,1.000814348,-1.102939317,0.16502613,24.85,278.85
11383500,1053.56,3.527906913,3.731745886,1.057779011,-1.134152073,0.150145743,25.45,279.45
11451100,740.46,2.961471595,2.590331554,0.874677157,-1.27449004,0.123536359,27,293.9
11468500,276.08,3.582882957,2.717162409,0.758373199,-1.235469997,0.000524205,25.85,277.8
11473900,1037.85,3.65355373,2.797847912,0.765788084,-1.230574447,0.262478357,26.65,277.05
11475560,592.58,5.166086242,3.067142793,0.593707238,-1.219694046,0.138629338,27.05,274.1
11476600,478.69,4.834184805,2.326307529,0.481220231,-1.182653337,0.012010629,24.95,263.05
11478500,757.76,4.551620808,2.721153621,0.597842776,-1.164924514,0.157314421,24.35,260.75
11480390,1049.64,3.998996578,3.427862971,0.857180771,-1.193729809,0.299512506,24.75,271.5
11481200,285.23,4.363130732,2.368986448,0.542955642,-1.109875242,0.001636826,21.7,253.4
11482500,546.99,4.579976728,2.517791595,0.549738949,-1.107379929,0.013181204,21.4,245.55
11522500,1279.3,3.135530459,3.258590691,1.039247022,-1.053256924,0.249129777,22.7,260.85
11523200,1614.41,2.932422998,2.561795551,0.87361051,-1.055088851,0.431707152,23.9,276.05
11528700,1019.07,3.706082136,3.58440768,0.96716898,-1.152901792,0.271305322,23.95,264.95
11532500,725.07,5.584642026,2.320768871,0.415562691,-1.019855003,0.048535377,20.65,239.9
12010000,145.18,7.927942505,1.967120903,0.248125021,-0.76109963,0.023636236,9.35,169.9
12013500,309.17,6.874937714,2.116710445,0.307887945,-0.799300791,0.017415676,11.35,172.45
12020000,435.98,7.499240246,2.739657084,0.365324619,-0.776441726,0.043553397,7.9,176.45
12025000,236.88,4.707979466,2.094823299,0.444951664,-0.780451544,0.029592528,10.5,183
12025700,556.37,5.091245722,2.046402765,0.401945394,-0.756418417,0.090576757,10.05,182.95
12035000,149.3,6.987945243,1.980268556,0.283383525,-0.836194748,0.022021888,13.15,180.25
12040500,437.01,8.15461191,1.899096482,0.232886188,-0.771170718,0.067091784,12.1,170.35
12041200,754,7.785315537,2.411857358,0.30979571,-0.791239499,0.179574105,12.1,173.05
12043000,378.73,8.284583162,2.250007584,0.271589715,-0.766217874,0.070641261,12.1,172.1
12048000,1263.46,4.775126626,2.517966078,0.527308755,-0.832100885,0.498197653,17.25,215.7
12054000,776.86,5.714731006,2.729507337,0.477626564,-0.869550296,0.379149578,16.5,210.45
12056500,775.17,6.994711841,1.997105681,0.285516505,-0.850230308,0.338574932,14.3,194.35
12073500,42.92,4.009470226,2.85625885,0.712378117,-0.848989601,0.015601666,16.2,207.6
12082500,1036.22,7.061638604,2.96230987,0.41949327,-0.76581354,0.398786514,12.1,185.15
12092000,1330.94,7.274495551,2.076759576,0.285485029,-0.741601547,0.513670726,10.8,183.75
12095000,757.39,4.560746064,2.47970026,0.543704961,-0.633307433,0.078232094,10.7,184.55
12114500,852.5,7.241880903,1.979204531,0.27329979,-0.749731669,0.406517039,13.1,191.95
12115000,900.07,7.206737851,1.977674114,0.274420154,-0.734735365,0.338944352,12.5,188.3
12115500,752.9,7.160358658,1.957230979,0.27334259,-0.684331982,0.266126797,11.8,185.15
12117000,640.53,6.508854209,1.991564572,0.305977751,-0.631783882,0.125199433,10.1,177.6
12141300,1068.4,7.935530459,2.02937024,0.255732147,-0.713845178,0.346348439,10.7,175.5
12143600,981.21,7.623430527,2.081618097,0.273055298,-0.724225415,0.311622046,12,181.1
12144000,881,7.21094319,2.211670226,0.306710255,-0.708525846,0.220551546,11.85,174.25
12145500,411.9,5.713550992,2.135345284,0.373733478,-0.624765065,0.044854638,10.3,180.35
12147500,601.12,7.993348392,1.957544052,0.244896626,-0.62496142,0.159041201,9.7,176.5
12147600,1067.53,8.792442163,1.936830198,0.22028353,-0.63412362,0.274033031,9.65,178.2
12167000,480.5,6.721185489,1.953579699,0.290659989,-0.674928925,0.131187745,8.3,175.15
12175500,1538.75,5.461752225,2.188631896,0.400719734,-0.807394144,0.690360443,13.75,203.95
12178100,1305.01,6.095322382,2.008130856,0.329454413,-0.742026994,0.529566888,13,199.1
12186000,1226.29,6.491310062,1.997448309,0.307711123,-0.725626585,0.435652192,10.8,178.65
12189500,1206.01,5.899932923,2.030547091,0.344164437,-0.76830205,0.457875715,11.4,175.8
12358500,1559.24,3.330401095,2.218182683,0.666040702,-0.370059049,0.558849304,9.9,192.7
12374250,1379.76,2.24356742,2.395137632,1.067557681,-0.240676734,0.439806312,12.75,233.5
12375900,1528.13,3.434537988,2.390619671,0.696052768,-0.377041201,0.606515527,11.8,231.25
12377150,1512.07,4.042540726,2.47127117,0.611316333,-0.506418956,0.719886654,10.1,224.55
12381400,1876.96,2.997418207,2.916818275,0.973110215,-0.448815248,0.594005153,12.6,226.65
12383500,2041.03,3.094845996,2.629167967,0.849531114,-0.439312378,0.612621722,12.9,231.05
12388400,1636.58,2.370477755,2.997877645,1.264672338,-0.304290372,0.468572458,15.05,237.85
12390700,1415.22,3.035069131,2.887215537,0.951284934,-0.570743353,0.51948701,13.8,212.9
12411000,1145.85,3.406193018,2.165738056,0.635823644,-0.629830735,0.464485513,13.65,216.65
12414500,1381.41,3.662435318,2.325067201,0.634841847,-0.687245777,0.549797433,14.3,204.4
12447390,1700.98,2.559075975,2.188393744,0.85514997,-0.598365158,0.777311498,18.95,253.7
12451000,1509.63,4.47540178,2.136600287,0.477409715,-0.884485818,0.716767081,14.85,217.75
12488500,1452.54,4.745980835,2.187247502,0.460863113,-0.90459187,0.641918995,16.2,208.05
13011500,2400.71,2.433982204,2.699141561,1.108940549,-0.466171928,0.658713268,15.35,228.5
13011900,2683.38,2.383326489,2.720934141,1.141653967,-0.392406929,0.704607069,13.8,220.7
13018300,2197.93,2.228989733,3.33278308,1.495198937,-0.472201098,0.657118537,18.15,250.55
13023000,2441.62,2.357442847,3.077620917,1.305491211,-0.462636854,0.646858625,16.6,235.15
13083000,1862.77,1.542395619,3.250476003,2.107420406,-0.529291903,0.487107711,25.35,279.75
13161500,2059.26,1.370109514,2.559877714,1.868374526,-0.533792153,0.518679342,23.95,276.85
13235000,2075.34,2.566986995,2.68358104,1.045420583,-0.810877697,0.677895076,21.25,256.75
13240000,1965.35,3.257249829,2.438609747,0.748671387,-0.753299475,0.726533472,20.05,252.3
13310700,1979.98,3.047281314,2.745451061,0.900950972,-0.773638144,0.659423757,19.9,242.45
13313000,2155.6,3.630479124,2.861129843,0.78808602,-0.795124136,0.74453605,20.2,239.85
13331500,1654.85,2.751913758,2.245585229,0.816008577,-0.578781575,0.557880945,14.3,233.45
13337000,1548.18,3.588317591,2.329419329,0.649167547,-0.581498861,0.564570326,11.9,194.5
13338500,1418.36,2.325842574,2.255713306,0.969847801,-0.268508919,0.360817479,11.65,213.85
13340000,1457.99,2.943639973,2.337129391,0.79395898,-0.463349278,0.455800484,9.7,192.6
13340600,1417.79,3.774498289,2.267266598,0.600680256,-0.658674084,0.557400052,13.75,204.4
14020000,1215.85,2.636720055,2.280494962,0.864898402,-0.725529421,0.355358222,18.95,247.4
14092750,1597.68,4.591379877,3.071489199,0.66896865,-0.85405032,0.535953009,15.3,219.9
14096850,958.51,2.54768104,2.915030637,1.144189791,-0.875082068,0.244750228,18.85,239.95
14137000,1054.8,6.303509925,2.027274168,0.321610371,-0.812603551,0.324496375,12.5,193.35
14138800,821.62,7.729750856,2.094344914,0.270945979,-0.814759417,0.317266212,12.55,200.85
14138870,727.8,8.402052019,2.114479411,0.251662261,-0.789831728,0.229049355,10.9,196.4
14138900,757.32,8.936885695,2.128633648,0.238185171,-0.7942381,0.221358389,10.5,194.55
14139800,641,7.930425736,2.114452293,0.266625319,-0.779634055,0.183197956,11.15,192.85
14141500,652.09,7.403030801,2.152468693,0.290755064,-0.770641589,0.142882265,11.4,188.45
14154500,922.47,4.625115674,2.256202697,0.48781541,-0.791752786,0.13555071,12.85,207.75
14158500,1175.75,5.798239562,2.244881615,0.387166068,-0.868734418,0.365169961,14.55,215.45
14158790,1026.81,6.077693361,2.193338645,0.3608834,-0.848302013,0.36505663,14.15,214.85
14166500,249.51,5.050238193,3.069184627,0.607730667,-0.938408308,0.010676301,13.9,204.15
14182500,719.95,6.217782341,2.169523012,0.348922315,-0.816474001,0.146759311,11.75,193.05
14185000,977.23,5.711660507,2.215885229,0.387958148,-0.816394544,0.178107252,12.5,197.75
14185900,823.79,6.60820397,2.203579658,0.333461205,-0.831676865,0.187297519,13.2,197.85
14187000,794.8,5.356093087,2.213853758,0.413333697,-0.802366923,0.089519417,12.35,204.4
14216500,824.9,7.312424367,2.058570103,0.281516772,-0.862675586,0.295816184,15.4,201.75
14222500,485.85,7.372717317,2.150850171,0.291730997,-0.809733374,0.090027424,9.45,187.5
14236200,490.53,5.589798768,2.034344244,0.363938726,-0.755524838,0.114713955,10.95,188.1
14301000,375.21,5.819216975,2.838102601,0.487712112,-0.872838458,0.03247989,12.05,179.5
14303200,572.22,6.694406571,2.160970075,0.322802335,-0.936879004,0.088754104,13.85,206
14305500,276.16,6.670030116,2.172890637,0.325769239,-0.941268078,0.025741428,14.7,197.75
14306340,397.44,6.489867214,2.444392512,0.376647539,-0.957137255,0.069380415,14.55,200.55
14306500,308.31,6.286937714,2.963946913,0.471445249,-0.955287474,0.020298271,13.95,193
14308990,987.04,3.655583847,3.064349309,0.83826536,-0.939672347,0.135825516,16.1,228.9
14309500,709.83,4.977780972,3.122203901,0.62722806,-0.995846769,0.061255369,15.1,222.65
14316700,952.26,4.543400411,2.277629747,0.501305089,-0.821172342,0.176336581,14.75,214.85
14325000,656.53,6.297437372,2.434651732,0.386609916,-0.952055321,0.030203392,14.6,219.05
14362250,875.67,2.781675565,3.325188309,1.195390416,-0.985486235,0.141500009,20.45,260.35
14400000,625.31,5.556071184,2.279667584,0.410302084,-1.015946164,0.024330391,19.3,237
